latitude,longitude,location,area,narcotics_crime
22.58720337598183,88.41857605415623,Location_0,commercial,0
22.628797341593103,88.30201273913121,Location_1,residential,0
22.60069084401791,88.39516523917145,Location_2,commercial,0
22.586220795749224,88.44175407818821,Location_3,industrial,0
22.555913699834726,88.30879508640481,Location_4,residential,0
22.611473528266664,88.47590429660474,Location_5,residential,1
22.559396802815673,88.40401628332714,Location_6,residential,1
22.67294325019552,88.30613220966514,Location_7,industrial,1
22.690915690125255,88.34488272238417,Location_8,commercial,0
22.545860379706443,88.49073513928546,Location_9,residential,1
22.647931259520664,88.4164639466104,Location_10,residential,0
22.582223729938224,88.32149451355376,Location_11,industrial,0
22.59201114027348,88.35750890045611,Location_12,commercial,0
22.681399159573164,88.3913407251721,Location_13,industrial,0
22.467759014549472,88.30419001385354,Location_14,industrial,1
22.471782324925385,88.38232310272275,Location_15,residential,0
22.455054599360082,88.39789172708694,Location_16,commercial,0
22.658154961386984,88.34873557505624,Location_17,residential,1
22.64453918773746,88.4177278000584,Location_18,residential,0
22.667503037061703,88.45064802391843,Location_19,industrial,1
22.69465458555819,88.34716684482113,Location_20,industrial,0
22.64978964105418,88.424099980056,Location_21,residential,0
22.565369840563232,88.42792444859275,Location_22,industrial,0
22.64513229407161,88.48970806022577,Location_23,industrial,0
22.479568606467232,88.45565523345928,Location_24,commercial,0
22.60998025533188,88.469669053958,Location_25,residential,1
22.48583832185226,88.39808398168725,Location_26,residential,0
22.686167229262395,88.33706971739588,Location_27,commercial,1
22.580462080437517,88.49916305859193,Location_28,industrial,1
22.55366548499763,88.32587115220774,Location_29,commercial,1
22.516138903026157,88.39429146387086,Location_30,commercial,1
22.643558422358552,88.31361861984841,Location_31,commercial,1
22.564037583054137,88.48877017147016,Location_32,industrial,1
22.59210848721716,88.49298498816968,Location_33,commercial,0
22.454697450109087,88.4438778124008,Location_34,residential,1
22.60440887426897,88.36999856872603,Location_35,industrial,0
22.603023930680603,88.35087648022352,Location_36,commercial,0
22.60423349921869,88.3530606649074,Location_37,commercial,0
22.685937019628657,88.32545880508401,Location_38,commercial,1
22.62045507477587,88.40516179061534,Location_39,commercial,0
22.539876975143446,88.32836345514029,Location_40,commercial,0
22.559257988449836,88.36334613331069,Location_41,commercial,1
22.624407798981814,88.42534129519181,Location_42,residential,1
22.465056367907316,88.44550872191815,Location_43,industrial,1
22.616691678861415,88.30485454092441,Location_44,residential,0
22.61765946740454,88.38602319687534,Location_45,commercial,1
22.50259564026846,88.43042491896843,Location_46,commercial,1
22.482231574413714,88.4706491952317,Location_47,commercial,1
22.528857087731044,88.39506495644241,Location_48,residential,0
22.540927692735654,88.49384117434354,Location_49,commercial,0
22.59254919260447,88.35312650950829,Location_50,residential,1
22.55965037836558,88.30270174132534,Location_51,industrial,1
22.697093459514807,88.39675057294035,Location_52,residential,0
22.475511202687006,88.351222759004,Location_53,residential,0
22.50221918902371,88.46474353440463,Location_54,industrial,1
22.49032737947125,88.34655453443622,Location_55,commercial,0
22.61327708136635,88.36212584365826,Location_56,residential,0
22.513322900634943,88.45824548620382,Location_57,industrial,1
22.566577693214075,88.44302865040507,Location_58,residential,1
22.5111063980004,88.41161024733145,Location_59,residential,0
22.489742395911378,88.44098961238456,Location_60,industrial,0
22.477593785291077,88.383727372714,Location_61,residential,1
22.614082397366317,88.30106200952294,Location_62,industrial,1
22.484545737837152,88.30227102570244,Location_63,residential,0
22.499145590420014,88.40224435751473,Location_64,commercial,1
22.54218129266524,88.3166581959438,Location_65,industrial,1
22.65524830746198,88.31021509603384,Location_66,commercial,0
22.474275318948266,88.4931033278275,Location_67,residential,1
22.6594862268747,88.4718005279316,Location_68,commercial,1
22.47402460197349,88.33040544544191,Location_69,industrial,1
22.694114866253347,88.30013284371803,Location_70,residential,0
22.567162800411925,88.48833355907796,Location_71,industrial,1
22.694190272047585,88.35566505966402,Location_72,residential,1
22.60121137993626,88.3371795205711,Location_73,commercial,1
22.634815894849574,88.43830162156631,Location_74,commercial,1
22.45979694806358,88.32178074776826,Location_75,industrial,1
22.520701740644103,88.35292991960056,Location_76,industrial,1
22.48004914030329,88.49501893604241,Location_77,residential,1
22.524035049380537,88.4278925548948,Location_78,industrial,1
22.47968192973856,88.4041355582965,Location_79,industrial,0
22.529495794848494,88.37958372296698,Location_80,commercial,1
22.553565748628667,88.45490019097684,Location_81,industrial,1
22.466036874087195,88.32819149530474,Location_82,industrial,1
22.623118029842505,88.4934675604074,Location_83,residential,1
22.591650363551643,88.47222460161316,Location_84,commercial,1
22.51634737273486,88.42353139651385,Location_85,commercial,1
22.580812013366675,88.3085812380805,Location_86,residential,0
22.47348512768961,88.44017112988955,Location_87,commercial,0
22.593986623889045,88.4826568681771,Location_88,residential,0
22.682324049394055,88.40491541349573,Location_89,residential,1
22.52964223811283,88.37084496436545,Location_90,industrial,0
22.61685259499092,88.3240554689959,Location_91,industrial,1
22.4829494656011,88.45098022082752,Location_92,residential,1
22.629081801029642,88.47700437024235,Location_93,industrial,0
22.5223515232368,88.32005034881517,Location_94,industrial,1
22.49579784050178,88.45179691095046,Location_95,commercial,0
22.59662823370252,88.30341209725182,Location_96,commercial,0
22.45502688654687,88.49341098361545,Location_97,industrial,0
22.65723500730434,88.42301160412701,Location_98,residential,0
22.451173869048137,88.41048781179832,Location_99,residential,0
22.619454134199056,88.35918996671778,Location_100,industrial,0
22.51750199329804,88.48585833431396,Location_101,industrial,0
22.63379850553065,88.35318112546736,Location_102,residential,1
22.69054713627936,88.46562932264334,Location_103,commercial,1
22.51218828587999,88.49702173586742,Location_104,commercial,0
22.59403933360446,88.45667932910295,Location_105,residential,0
22.59801048281796,88.40379798407729,Location_106,industrial,1
22.59306297644772,88.31321485277033,Location_107,commercial,0
22.505770408160153,88.39448275783421,Location_108,residential,0
22.688187252879246,88.38765118939433,Location_109,industrial,1
22.561781344654406,88.3405592082374,Location_110,industrial,0
22.66160216811778,88.38471752734286,Location_111,commercial,1
22.624869818829374,88.37155157681606,Location_112,industrial,1
22.52435923771378,88.33273685223033,Location_113,residential,1
22.653449454925617,88.3882748286665,Location_114,residential,1
22.549126435211747,88.3525599912649,Location_115,residential,0
22.67027579927779,88.40441248413646,Location_116,residential,0
22.595318218158965,88.30703201194324,Location_117,industrial,0
22.670433840463712,88.48124628395746,Location_118,residential,1
22.62313289751944,88.46327286110397,Location_119,commercial,1
22.63131356995491,88.4105162665021,Location_120,industrial,1
22.575331095481676,88.47036171655145,Location_121,industrial,1
22.689020908680806,88.49247901476215,Location_122,industrial,0
22.610997549807408,88.32210445881053,Location_123,residential,0
22.555963762139545,88.42616636168196,Location_124,industrial,0
22.60159830353198,88.49959880018713,Location_125,residential,0
22.454798299577334,88.4975778338667,Location_126,residential,1
22.525393704168636,88.42066459845815,Location_127,industrial,1
22.61504338437317,88.32560417409016,Location_128,industrial,0
22.52251940180261,88.4166385661981,Location_129,residential,1
22.60450385724971,88.30041292711488,Location_130,industrial,0
22.55719217523644,88.33978226693337,Location_131,industrial,1
22.48386851605561,88.49122463191199,Location_132,residential,1
22.52457058148901,88.36608811452057,Location_133,residential,1
22.592491227675314,88.42767802115539,Location_134,industrial,1
22.597718190312044,88.35617189892645,Location_135,residential,1
22.593581312212393,88.48956437742231,Location_136,residential,0
22.613300204964283,88.4457117459899,Location_137,commercial,1
22.61302581750042,88.36593023151629,Location_138,industrial,1
22.55785460885849,88.45835228423607,Location_139,industrial,0
22.674136648962765,88.32163310489527,Location_140,industrial,0
22.541890467511973,88.3784637880131,Location_141,industrial,0
22.558966231316408,88.34424362554631,Location_142,industrial,1
22.67298083875392,88.4367452894552,Location_143,residential,1
22.65154849726152,88.32048925635438,Location_144,industrial,0
22.62597214588509,88.37940516645654,Location_145,industrial,0
22.475056721828075,88.35532994604183,Location_146,commercial,1
22.67987065343617,88.40126858386476,Location_147,residential,1
22.628560324887278,88.36997953610077,Location_148,industrial,1
22.699711751641967,88.4412821155334,Location_149,industrial,1
22.487362076164498,88.30491540486139,Location_150,industrial,1
22.667031514342053,88.42679738426118,Location_151,industrial,0
22.490623233669094,88.34611425793877,Location_152,residential,0
22.60388989107096,88.35374180575137,Location_153,commercial,0
22.48095499571236,88.4600511207167,Location_154,commercial,1
22.662002057330557,88.49111367879608,Location_155,industrial,1
22.65182973968125,88.36331004200541,Location_156,commercial,1
22.592275184653648,88.46536105407381,Location_157,commercial,1
22.5517958243065,88.32079816759425,Location_158,commercial,1
22.467291748863783,88.42679633060148,Location_159,commercial,0
22.62435719328614,88.45020645990698,Location_160,commercial,0
22.563385670669515,88.33119558560689,Location_161,residential,1
22.630513899867587,88.38520047753391,Location_162,residential,1
22.666595581482156,88.4785414328498,Location_163,residential,0
22.69388037625072,88.32071569268967,Location_164,commercial,0
22.66395083559815,88.30361927164029,Location_165,residential,1
22.45292852104625,88.41811707580959,Location_166,commercial,0
22.53999451611959,88.38710630810618,Location_167,commercial,1
22.632497640606015,88.45973784977679,Location_168,residential,1
22.492907419315358,88.48469110764083,Location_169,industrial,0
22.580259151551033,88.35983072890876,Location_170,commercial,1
22.463584497084813,88.37768082343382,Location_171,commercial,1
22.4999991312241,88.39725441726586,Location_172,residential,1
22.454630448615152,88.41763029208705,Location_173,commercial,0
22.648424425839355,88.49677076593632,Location_174,commercial,0
22.505981172015094,88.439466050166,Location_175,commercial,1
22.536337920174226,88.37790970146911,Location_176,residential,0
22.682020323366398,88.35275353729008,Location_177,industrial,1
22.62610360048088,88.48892514368443,Location_178,industrial,1
22.457959732382825,88.3271096866217,Location_179,residential,0
22.49117353912448,88.44405317050095,Location_180,commercial,1
22.60536960037494,88.4850790050585,Location_181,industrial,0
22.594307147151042,88.43293311730689,Location_182,residential,1
22.509473205343628,88.38461088803322,Location_183,residential,1
22.6835534994812,88.3397981879851,Location_184,commercial,1
22.603491488991473,88.37349506445038,Location_185,commercial,1
22.583908200756238,88.44137436188403,Location_186,residential,0
22.597477494088643,88.42990684483506,Location_187,residential,1
22.63253050737919,88.48559523331967,Location_188,residential,0
22.5279862488699,88.47337218273188,Location_189,industrial,0
22.549555265554023,88.46323015045327,Location_190,commercial,0
22.50246093724378,88.48229017507015,Location_191,residential,0
22.496548251470085,88.35526743054741,Location_192,commercial,1
22.686093097495984,88.37390470802792,Location_193,industrial,1
22.63488769876232,88.37597878075721,Location_194,residential,0
22.57261470215439,88.41209011774195,Location_195,commercial,0
22.50685365699333,88.43364364590855,Location_196,industrial,0
22.513589120442596,88.35734333660808,Location_197,residential,0
22.464507290080967,88.30389249346186,Location_198,commercial,0
22.558604156389528,88.37984447673158,Location_199,residential,1
22.527948970498525,88.36170559191088,Location_200,commercial,0
22.624085872203864,88.4884369438036,Location_201,commercial,0
22.54443795982312,88.4776530081088,Location_202,industrial,1
22.49490091938991,88.47206213566868,Location_203,industrial,1
22.456169682097833,88.43059995218904,Location_204,industrial,0
22.466812407865813,88.36885783293978,Location_205,industrial,0
22.61984819337464,88.40976985347986,Location_206,industrial,0
22.56342421113901,88.46304500814327,Location_207,commercial,1
22.58414480277718,88.31972207374456,Location_208,industrial,1
22.674167823260085,88.46021497605106,Location_209,commercial,0
22.697584736849176,88.30823595826563,Location_210,commercial,1
22.504224246099618,88.46328420624288,Location_211,residential,0
22.615769550775024,88.46151276083198,Location_212,commercial,1
22.515830594184287,88.31020146176574,Location_213,commercial,1
22.45516274986643,88.42543214229237,Location_214,industrial,0
22.639594663459036,88.40049061486258,Location_215,commercial,0
22.530004287705616,88.33396390063434,Location_216,industrial,1
22.545865973542973,88.32967578753548,Location_217,commercial,0
22.5970792783884,88.4546518252134,Location_218,commercial,1
22.657762113809046,88.41353854976737,Location_219,industrial,1
22.607245460897786,88.4965998269833,Location_220,residential,0
22.66816266386185,88.49644955545767,Location_221,commercial,1
22.518385508703908,88.49853339869286,Location_222,commercial,1
22.64951170847814,88.32372310367315,Location_223,industrial,1
22.49640898607649,88.48765122739279,Location_224,industrial,0
22.688197914242984,88.34891392180411,Location_225,residential,1
22.621872069096952,88.39164245195172,Location_226,residential,0
22.50387691927839,88.45148131116434,Location_227,residential,0
22.686842647622232,88.34072418641544,Location_228,commercial,1
22.632713951692537,88.41326232111086,Location_229,commercial,0
22.513485410648755,88.3371633496452,Location_230,industrial,0
22.50332799434187,88.32094722133625,Location_231,industrial,0
22.579550178482666,88.32331172248591,Location_232,industrial,1
22.456415679513633,88.37152780696964,Location_233,residential,0
22.501867518860276,88.30093096736744,Location_234,residential,0
22.556171367187876,88.38497078424034,Location_235,residential,1
22.543542495083557,88.43283942101623,Location_236,commercial,0
22.5658938560912,88.38033763700079,Location_237,commercial,0
22.519407176573683,88.31715892010396,Location_238,industrial,0
22.596696086614543,88.31253777240472,Location_239,residential,1
22.665963901480808,88.35562330255297,Location_240,commercial,0
22.479382963990506,88.33386253810872,Location_241,residential,0
22.579344776788528,88.49301899464359,Location_242,commercial,0
22.48301702658629,88.33024604499481,Location_243,residential,1
22.629214920298146,88.461092487481,Location_244,commercial,1
22.549014925701822,88.41722158834823,Location_245,commercial,1
22.591355327964628,88.41385738399686,Location_246,commercial,0
22.49581995905352,88.40241614318475,Location_247,commercial,1
22.486211939835844,88.4943526152228,Location_248,industrial,0
22.572014070162236,88.37276895501833,Location_249,residential,0
22.538903184462487,88.45758315019077,Location_250,commercial,1
22.685107986313202,88.41105882149338,Location_251,commercial,0
22.64133131345174,88.37912673352514,Location_252,residential,0
22.637165904962636,88.49109318666116,Location_253,commercial,0
22.675929934936484,88.41966319387294,Location_254,commercial,0
22.470855608860504,88.3237833884292,Location_255,residential,1
22.5880481174806,88.38350784019937,Location_256,industrial,0
22.59611901723894,88.45631634553632,Location_257,industrial,0
22.69048409463681,88.43874940464784,Location_258,commercial,0
22.523036881698136,88.48326806596731,Location_259,industrial,0
22.51020719497886,88.3518754768283,Location_260,industrial,0
22.475073485566373,88.45163874327076,Location_261,commercial,0
22.454107407397867,88.3919750414789,Location_262,commercial,1
22.682382329198045,88.41472194939337,Location_263,industrial,0
22.617479136647727,88.49100933620126,Location_264,commercial,0
22.646288228005783,88.49585726399783,Location_265,commercial,0
22.520432526438487,88.47231819278511,Location_266,industrial,0
22.59660254154658,88.37181941754606,Location_267,residential,1
22.465988816530245,88.47754016714546,Location_268,industrial,1
22.571406898983653,88.42772183552829,Location_269,industrial,1
22.69437378493611,88.38599935609415,Location_270,industrial,0
22.669126311329148,88.3071485365001,Location_271,commercial,1
22.53453973795921,88.45402562483831,Location_272,industrial,0
22.690392538635376,88.40042111614483,Location_273,commercial,0
22.5079254066178,88.45723769989301,Location_274,residential,1
22.68732970560392,88.44960455986865,Location_275,industrial,0
22.685344426176624,88.45871347360966,Location_276,residential,0
22.6498006468381,88.36013023173935,Location_277,industrial,0
22.607611984216696,88.46015971981353,Location_278,commercial,1
22.668571991656236,88.40976926569323,Location_279,residential,0
22.523255071126947,88.39466524008982,Location_280,industrial,0
22.662235888828228,88.43502518276415,Location_281,residential,0
22.604469172979382,88.30427173658767,Location_282,commercial,1
22.453309214439724,88.32046336317751,Location_283,commercial,0
22.536808379483055,88.35843547303351,Location_284,industrial,1
22.48703521523704,88.49659802199157,Location_285,industrial,1
22.695457347454564,88.32794915577298,Location_286,residential,0
22.569592576759995,88.36611926015183,Location_287,commercial,1
22.574347841374664,88.31021061293838,Location_288,commercial,1
22.60986812909968,88.36625377605854,Location_289,industrial,1
22.542146151532403,88.36406525730216,Location_290,commercial,0
22.4842250679214,88.48936143418891,Location_291,commercial,1
22.65552943329856,88.46903081739914,Location_292,commercial,0
22.49746197797569,88.37655284384856,Location_293,residential,1
22.577829745636613,88.30495381160785,Location_294,residential,1
22.506079257243684,88.46620622279907,Location_295,residential,0
22.474461121123507,88.4321072354289,Location_296,commercial,1
22.66554787935542,88.33047289673026,Location_297,industrial,1
22.69322987225578,88.49921425420203,Location_298,industrial,0
22.69020866451575,88.32004668748482,Location_299,industrial,1
22.676638874805295,88.47342290831874,Location_300,residential,1
22.64351183317466,88.35885323282594,Location_301,commercial,1
22.533286288007158,88.38707069326503,Location_302,residential,0
22.470275347496997,88.45909130535526,Location_303,residential,1
22.55181029285345,88.43550167119881,Location_304,industrial,0
22.508058535542734,88.48757287488881,Location_305,industrial,0
22.483121908689494,88.42422806509208,Location_306,commercial,1
22.463356795446707,88.3195620322958,Location_307,residential,1
22.631398591052644,88.47687207264839,Location_308,commercial,1
22.45285686465626,88.45383110499772,Location_309,residential,1
22.642645187125694,88.44237409017866,Location_310,commercial,1
22.486736661350093,88.31074670947075,Location_311,residential,0
22.469880520646687,88.37924454893235,Location_312,commercial,1
22.47240075855965,88.3334871638919,Location_313,residential,1
22.61801195183848,88.46438078168157,Location_314,residential,0
22.51134180246321,88.44010572456357,Location_315,industrial,1
22.555134866670024,88.47661551946382,Location_316,residential,0
22.58934219783098,88.49331502138483,Location_317,industrial,1
22.6651377934572,88.4549495228385,Location_318,commercial,0
22.631761065677832,88.49884661664416,Location_319,industrial,0
22.51758197630968,88.42295397722886,Location_320,residential,0
22.482870699822783,88.30742592077829,Location_321,industrial,1
22.463843580105298,88.30285030303006,Location_322,industrial,1
22.525399658620234,88.36842077504076,Location_323,commercial,1
22.51552953730992,88.4646943438135,Location_324,industrial,0
22.56403514170012,88.47322694126494,Location_325,commercial,0
22.62082033388692,88.49216250576454,Location_326,commercial,0
22.623906361409713,88.31302429370976,Location_327,industrial,0
22.52087971164554,88.30891422219753,Location_328,residential,0
22.54498173897503,88.48265671927341,Location_329,commercial,0
22.495287740434225,88.36100933967258,Location_330,industrial,1
22.647136378076627,88.41159748012193,Location_331,commercial,0
22.46421201910831,88.49648897660015,Location_332,industrial,0
22.624249310431246,88.38008970694719,Location_333,industrial,1
22.644673848985274,88.43317427966197,Location_334,residential,1
22.644351890462186,88.3801759127264,Location_335,industrial,1
22.51485564108634,88.45363893289256,Location_336,commercial,1
22.54345328448314,88.40554294511458,Location_337,commercial,1
22.596899908799095,88.34750462759727,Location_338,residential,1
22.518205475606116,88.35426122025169,Location_339,commercial,0
22.54271319980447,88.35161184250768,Location_340,residential,1
22.49926357004641,88.4064640656517,Location_341,industrial,1
22.564963970939,88.44063780320313,Location_342,industrial,0
22.46115307531353,88.48985598000863,Location_343,industrial,0
22.649948971142653,88.43881747501659,Location_344,residential,1
22.469239111746656,88.45623856879247,Location_345,commercial,0
22.57970878720788,88.33378522317291,Location_346,commercial,0
22.5267025248863,88.37481252500146,Location_347,industrial,1
22.594385737207844,88.38275604397165,Location_348,commercial,0
22.689858335208356,88.4372760460001,Location_349,residential,0
22.611392561114002,88.35917839527538,Location_350,residential,1
22.45884060893887,88.36065838428394,Location_351,residential,1
22.557600609877014,88.37117783092818,Location_352,residential,1
22.57750421307956,88.46206041630865,Location_353,commercial,1
22.584044373675862,88.41551801800867,Location_354,residential,0
22.62034812765096,88.31505545596654,Location_355,commercial,0
22.51939902443294,88.3156492199381,Location_356,industrial,1
22.48221514136658,88.37425738885649,Location_357,commercial,0
22.548168919136774,88.45331821012122,Location_358,residential,0
22.689101430698987,88.43773668529573,Location_359,commercial,0
22.49678272293771,88.44159647093024,Location_360,industrial,1
22.67599598873206,88.45344201321082,Location_361,industrial,1
22.58595148751933,88.35743054257726,Location_362,industrial,0
22.564227855411442,88.40965125638841,Location_363,commercial,0
22.67051035255747,88.40867052806335,Location_364,residential,0
22.564650990442146,88.447926500236,Location_365,residential,0
22.631041909152884,88.49137411382112,Location_366,commercial,1
22.549756330425776,88.35559798895909,Location_367,residential,0
22.67601109822524,88.4586563345514,Location_368,residential,0
22.622506255047806,88.43199410970465,Location_369,commercial,1
22.624905513562627,88.4160475741727,Location_370,industrial,0
22.53193010038928,88.45497595586949,Location_371,residential,0
22.639194660684222,88.48880649328562,Location_372,industrial,0
22.609015263861785,88.30733828357388,Location_373,residential,0
22.510005068344928,88.32948002050264,Location_374,industrial,1
22.490134705621312,88.45125744630022,Location_375,industrial,0
22.649097868629333,88.31675827058201,Location_376,residential,1
22.689791650758806,88.40322474014822,Location_377,residential,0
22.56453470681501,88.34397215532832,Location_378,commercial,1
22.59774604133092,88.35485914076855,Location_379,residential,0
22.66443066104839,88.44036809658888,Location_380,residential,1
22.564305863338465,88.30603855465374,Location_381,commercial,0
22.687968619208185,88.47466388558038,Location_382,industrial,0
22.593937790511216,88.38889579107045,Location_383,commercial,0
22.65519178017533,88.40047865878142,Location_384,industrial,0
22.677210929603184,88.40800959273874,Location_385,commercial,0
22.65388095469214,88.4291088589159,Location_386,residential,1
22.489853615862238,88.36897131732455,Location_387,residential,1
22.607224609765424,88.3202214981127,Location_388,industrial,1
22.549608564654918,88.36367578733324,Location_389,residential,1
22.465678238005836,88.33362842360457,Location_390,industrial,0
22.55600806297246,88.41122663589009,Location_391,commercial,0
22.51467101672235,88.36360572619208,Location_392,residential,1
22.662259577107125,88.49161343559868,Location_393,industrial,0
22.458326156636673,88.49314685559605,Location_394,commercial,1
22.68974568046587,88.42402517611364,Location_395,residential,0
22.53884221211798,88.42349945353345,Location_396,residential,0
22.539176722600637,88.49707571291341,Location_397,industrial,1
22.454082125670926,88.47745663024703,Location_398,residential,0
22.496308081309046,88.45301398983163,Location_399,industrial,0
22.5503148752009,88.36271812234854,Location_400,residential,0
22.682322854325676,88.37310780562362,Location_401,commercial,1
22.474903732555315,88.34025335315216,Location_402,residential,0
22.68632538336977,88.39742962538347,Location_403,industrial,1
22.667372132636658,88.49807370442791,Location_404,industrial,1
22.563540599226886,88.48243019060232,Location_405,industrial,1
22.531675220442065,88.32366988680388,Location_406,commercial,1
22.508186032319763,88.3050380578581,Location_407,residential,1
22.60361617661922,88.47972753368165,Location_408,residential,0
22.458268647868877,88.40743402558974,Location_409,residential,0
22.453901516111706,88.34003797764169,Location_410,industrial,0
22.55719893062456,88.43473065391693,Location_411,industrial,0
22.467018518493678,88.42884463558596,Location_412,residential,0
22.512985247061522,88.32441712136729,Location_413,industrial,1
22.50529022883652,88.35192004669952,Location_414,residential,0
22.513297798430713,88.31201559286265,Location_415,residential,0
22.482763807803813,88.34197209477402,Location_416,industrial,1
22.45300905572441,88.32646113497061,Location_417,residential,0
22.478871074284687,88.3386472584949,Location_418,industrial,1
22.604620064878187,88.43709342918262,Location_419,residential,1
22.69356405320451,88.3098999488522,Location_420,industrial,0
22.697586250390223,88.32037092304964,Location_421,industrial,0
22.552263523843266,88.32683472761566,Location_422,industrial,0
22.490738606511652,88.36330822419163,Location_423,residential,1
22.60969043934163,88.35975006217039,Location_424,residential,1
22.572576336637184,88.35101275706333,Location_425,commercial,1
22.69735244432111,88.45010733068648,Location_426,residential,0
22.466326051787945,88.49960455755162,Location_427,residential,1
22.645808609578452,88.40679558472576,Location_428,residential,1
22.522099624332874,88.48884054358278,Location_429,commercial,0
22.510354655019142,88.37932202242521,Location_430,commercial,0
22.61562614288317,88.32133648936053,Location_431,residential,1
22.51151579624774,88.38175476589396,Location_432,residential,0
22.616464779389798,88.35922555468294,Location_433,industrial,1
22.579327129300573,88.39868139245783,Location_434,residential,1
22.556022247108963,88.43140873538329,Location_435,industrial,1
22.588671952165353,88.39221004383047,Location_436,residential,0
22.521762879979907,88.48703210241557,Location_437,industrial,0
22.626643676568243,88.47695296445987,Location_438,commercial,1
22.55371421733339,88.44039551903325,Location_439,commercial,1
22.54013639012147,88.39793698247291,Location_440,residential,1
22.657164228638933,88.3263374563629,Location_441,commercial,1
22.681241727988297,88.37940273335552,Location_442,commercial,0
22.461501827721822,88.44088030788024,Location_443,industrial,0
22.50815674820744,88.35697710411074,Location_444,commercial,0
22.53712984237314,88.32079761550868,Location_445,residential,0
22.65374161984256,88.48157969150212,Location_446,residential,0
22.696372856910823,88.4418101619631,Location_447,commercial,1
22.692242926167587,88.42305528532702,Location_448,residential,0
22.67623708638748,88.45849978112179,Location_449,commercial,1
22.524139066266006,88.46712920751669,Location_450,residential,1
22.698002810853616,88.3966917996342,Location_451,industrial,1
22.512355010264113,88.47623765028189,Location_452,commercial,1
22.476476538720558,88.48328380214022,Location_453,residential,1
22.68773815276385,88.35431021908495,Location_454,industrial,1
22.508355063867022,88.42150907195816,Location_455,commercial,1
22.622442066269436,88.40531680576409,Location_456,residential,1
22.464589089745147,88.40758915583038,Location_457,commercial,0
22.63267727478187,88.48753261879291,Location_458,industrial,0
22.67043005308346,88.3610377405386,Location_459,commercial,1
22.51810922386649,88.49668679564691,Location_460,industrial,1
22.544764224019357,88.48042624296085,Location_461,industrial,1
22.54357404583023,88.3917445777227,Location_462,residential,1
22.63719706438503,88.46349065272364,Location_463,industrial,0
22.509451810634758,88.45380939886402,Location_464,industrial,0
22.49296327476191,88.4355789939237,Location_465,residential,0
22.562322912171933,88.36396677787663,Location_466,industrial,1
22.526117101844328,88.33929019836418,Location_467,residential,1
22.659797280564664,88.43430553935315,Location_468,residential,1
22.50943545650391,88.46859465928021,Location_469,industrial,0
22.575597364372314,88.30325055773547,Location_470,commercial,0
22.68564589992448,88.4285606750617,Location_471,industrial,0
22.608499424436165,88.38857460492444,Location_472,commercial,1
22.666822351365614,88.4796175510254,Location_473,industrial,0
22.685052422338693,88.36429458617084,Location_474,residential,1
22.637691215471587,88.39483696245273,Location_475,industrial,1
22.624893765056186,88.40295342080704,Location_476,residential,1
22.691991391651054,88.32808790427421,Location_477,commercial,0
22.69860019741192,88.44257846053978,Location_478,industrial,1
22.56295542066744,88.4660952690242,Location_479,commercial,1
22.46771744454605,88.31158185537925,Location_480,industrial,0
22.52319850786013,88.35827776410738,Location_481,residential,1
22.48808867642193,88.307608936307,Location_482,residential,1
22.554371593699003,88.49130882093765,Location_483,industrial,1
22.482822332118314,88.43343376414076,Location_484,commercial,1
22.60102945100522,88.49284008389095,Location_485,industrial,0
22.545702014789462,88.40629885566626,Location_486,industrial,1
22.673846471072054,88.46041370477913,Location_487,industrial,1
22.691948667949625,88.37488279677595,Location_488,commercial,1
22.586721225417357,88.37076380651453,Location_489,industrial,0
22.518705892466897,88.37565356342103,Location_490,residential,0
22.59805760469046,88.43157242674529,Location_491,industrial,1
22.6741902895561,88.37189063020433,Location_492,industrial,1
22.551683336458936,88.48007349032085,Location_493,residential,1
22.588019569172992,88.49665497301002,Location_494,industrial,0
22.517913191901535,88.3060853030674,Location_495,commercial,0
22.563861037362507,88.3387246580805,Location_496,industrial,1
22.5504283838449,88.32244999851747,Location_497,commercial,1
22.512103366270743,88.30847280941829,Location_498,industrial,0
22.576466595956326,88.34554819866946,Location_499,industrial,1
22.52759520649495,88.38935866407381,Location_500,industrial,0
22.543258715970186,88.46739807305774,Location_501,commercial,0
22.581242610563564,88.34436480610199,Location_502,residential,0
22.637648755732247,88.39878905113244,Location_503,industrial,1
22.533376866447817,88.48592374788934,Location_504,industrial,0
22.68103969165519,88.43344294135733,Location_505,industrial,0
22.665579636708976,88.4596158039512,Location_506,residential,1
22.462172573993882,88.4101987940371,Location_507,industrial,1
22.513410631064204,88.49609329176812,Location_508,commercial,0
22.5615338781648,88.4177324309363,Location_509,residential,0
22.476156972185617,88.30910214279251,Location_510,commercial,0
22.537118997258375,88.33959655998795,Location_511,commercial,0
22.63502438140442,88.38095472579143,Location_512,residential,0
22.620128620285705,88.42025543451476,Location_513,residential,0
22.6055961071415,88.4543861734818,Location_514,industrial,1
22.627632100680586,88.38261722518078,Location_515,residential,0
22.501230921739925,88.44201166100314,Location_516,commercial,0
22.53542452871618,88.45797390062182,Location_517,industrial,1
22.619060620569364,88.36345203945,Location_518,residential,1
22.66980869075783,88.49585404800716,Location_519,commercial,0
22.58591951345702,88.42993129904717,Location_520,residential,0
22.520674912736382,88.47619961215723,Location_521,industrial,1
22.457558814501496,88.41118753776172,Location_522,commercial,1
22.62758420724355,88.44832062143047,Location_523,residential,0
22.45197102587711,88.45410881232327,Location_524,industrial,1
22.543169767455247,88.48164967584691,Location_525,residential,1
22.582634303640695,88.33006995137427,Location_526,industrial,0
22.680527865441796,88.41165668483384,Location_527,commercial,1
22.472373636258226,88.38567570262117,Location_528,commercial,0
22.55148558049207,88.48463180423475,Location_529,residential,0
22.45607829992754,88.3210189388498,Location_530,commercial,0
22.535652746085397,88.49651477773618,Location_531,residential,0
22.60555776470995,88.47509026481866,Location_532,residential,1
22.51976698705715,88.31476525631285,Location_533,commercial,0
22.502437487413907,88.39819327710809,Location_534,residential,0
22.478925808331773,88.44351190004251,Location_535,residential,1
22.594285061005085,88.4476303091382,Location_536,commercial,1
22.62381750147617,88.48129882504759,Location_537,industrial,0
22.617989285148955,88.45997308711647,Location_538,residential,0
22.687215255180128,88.36218607606881,Location_539,residential,1
22.450675803473374,88.39968695717249,Location_540,residential,0
22.61179916347351,88.44035715258717,Location_541,commercial,1
22.60009805927441,88.32768736827286,Location_542,industrial,1
22.59718490249257,88.33879815952004,Location_543,commercial,1
22.69069257996006,88.39620848962197,Location_544,commercial,1
22.454217918342508,88.3596491597411,Location_545,commercial,1
22.624120607675362,88.47251184995682,Location_546,industrial,1
22.653419662425467,88.41725546430412,Location_547,commercial,1
22.577451799155394,88.36973303954368,Location_548,commercial,1
22.533491217399202,88.46976660512088,Location_549,commercial,0
22.64771004080685,88.46097568971085,Location_550,industrial,0
22.474310731408107,88.49967097541986,Location_551,industrial,1
22.56050890943248,88.46946153766675,Location_552,industrial,0
22.579988093642708,88.38289130696113,Location_553,industrial,0
22.623489102733636,88.325499776354,Location_554,commercial,0
22.4727214330081,88.4681281816401,Location_555,industrial,1
22.506939875384465,88.31195158359208,Location_556,residential,0
22.55257539067253,88.37005424146896,Location_557,commercial,1
22.60582366825503,88.48394759615425,Location_558,residential,0
22.671740195304352,88.49215329468902,Location_559,industrial,1
22.60470654206034,88.42811291870424,Location_560,residential,1
22.483365367733732,88.43772966339674,Location_561,commercial,1
22.69514503319682,88.3084908977451,Location_562,commercial,0
22.667946433688872,88.40289606821791,Location_563,commercial,1
22.57568019028633,88.40937363576127,Location_564,residential,0
22.680586995449158,88.36802014922482,Location_565,commercial,0
22.585345198439285,88.31371936695078,Location_566,commercial,1
22.68082651697229,88.34578151994488,Location_567,residential,1
22.657474342150834,88.37159678737224,Location_568,industrial,1
22.692071602573574,88.38702839730327,Location_569,commercial,0
22.67994570269454,88.4181853451067,Location_570,industrial,0
22.459008454357143,88.44447830373964,Location_571,industrial,0
22.493693001040235,88.36352637465478,Location_572,commercial,1
22.547283669275295,88.3657907519838,Location_573,residential,1
22.688035674323853,88.30393832854473,Location_574,industrial,1
22.525007229868983,88.3081749720188,Location_575,residential,0
22.4901169109719,88.3515643388617,Location_576,commercial,1
22.67157616652164,88.44804899953499,Location_577,commercial,0
22.5615986038708,88.42566276607478,Location_578,commercial,1
22.67696889858858,88.45395780413557,Location_579,commercial,0
22.490057616580035,88.45378388724296,Location_580,commercial,1
22.615279377877023,88.47131349353386,Location_581,commercial,1
22.560065938207373,88.44406385319738,Location_582,residential,0
22.46912169225757,88.49580218380017,Location_583,commercial,1
22.624115786163124,88.47976504386037,Location_584,industrial,1
22.511849688884787,88.41734343324464,Location_585,industrial,0
22.45990388064488,88.41763153409823,Location_586,commercial,0
22.464986074562393,88.30685340807044,Location_587,residential,0
22.465269634266697,88.49970531554168,Location_588,commercial,0
22.67693323937126,88.32631519947323,Location_589,commercial,1
22.634970979457275,88.44806943932632,Location_590,commercial,1
22.674515589303432,88.46420303902487,Location_591,commercial,1
22.61814557782413,88.37461090586103,Location_592,residential,1
22.58223498225772,88.33937041093306,Location_593,industrial,0
22.526111591086845,88.31975197735811,Location_594,industrial,0
22.699490562832167,88.44972120116591,Location_595,industrial,1
22.540547264734847,88.39053070584114,Location_596,industrial,0
22.567662237303477,88.44274355180022,Location_597,industrial,1
22.544561293730865,88.48308152977036,Location_598,industrial,1
22.694881732333865,88.32931674723021,Location_599,residential,1
22.49366459634875,88.48383420014476,Location_600,commercial,1
22.53199700022702,88.38232529190168,Location_601,residential,1
22.62008716650375,88.36105340197946,Location_602,residential,1
22.46580190458466,88.48861245212055,Location_603,residential,1
22.601812343502885,88.49813033852128,Location_604,residential,0
22.569411625719102,88.33977844355348,Location_605,residential,1
22.520999994190525,88.4313676693904,Location_606,residential,1
22.509603320231015,88.3212990627542,Location_607,commercial,0
22.578628185824687,88.4301828007715,Location_608,residential,0
22.54198189513426,88.46546264555516,Location_609,residential,0
22.564129972815664,88.43689970930481,Location_610,industrial,0
22.53436934544106,88.38346662841252,Location_611,industrial,1
22.692623423398995,88.37661327191275,Location_612,commercial,0
22.4833598579364,88.37862448304467,Location_613,residential,0
22.474200988294594,88.41794236359858,Location_614,industrial,0
22.53584793219773,88.4763134540145,Location_615,residential,1
22.59775672521762,88.48581323145375,Location_616,industrial,1
22.614794117962507,88.31070592404146,Location_617,industrial,1
22.54931418679201,88.33632447892913,Location_618,industrial,0
22.699819498480544,88.32244486316566,Location_619,industrial,1
22.53797324904826,88.33866692815339,Location_620,residential,1
22.630351666989988,88.36932156212183,Location_621,commercial,0
22.609395673632697,88.40130633652453,Location_622,industrial,0
22.653263465811865,88.42589224540183,Location_623,industrial,0
22.694056415863454,88.44642844382794,Location_624,commercial,0
22.672448414111383,88.47802230827716,Location_625,residential,0
22.641140493589425,88.49781768744596,Location_626,industrial,0
22.624562119454573,88.43257129571143,Location_627,commercial,0
22.533874542418975,88.46907290373355,Location_628,residential,0
22.486921394551675,88.45560776938494,Location_629,residential,1
22.46565900076495,88.36150640784373,Location_630,residential,1
22.51047542605037,88.47513845404698,Location_631,residential,0
22.558070370295322,88.30855262758956,Location_632,residential,0
22.580499068407494,88.30007346875028,Location_633,industrial,1
22.64327088851372,88.35474652587769,Location_634,industrial,0
22.689685230764148,88.39241950592549,Location_635,residential,0
22.4793301200962,88.42767257900013,Location_636,commercial,0
22.476751035048448,88.3203540533089,Location_637,residential,0
22.597423680753387,88.43460202676697,Location_638,industrial,1
22.636349518486824,88.46036317341193,Location_639,commercial,0
22.662037595086744,88.33706258391587,Location_640,industrial,1
22.683958020054195,88.38302505096635,Location_641,industrial,0
22.69585656056516,88.40399699799066,Location_642,commercial,1
22.54995042305613,88.3903614036169,Location_643,residential,1
22.545083795881894,88.45996598617769,Location_644,residential,0
22.486952169174316,88.49210447962386,Location_645,industrial,1
22.621233609670888,88.45979063280164,Location_646,commercial,1
22.61419048961021,88.31559856357516,Location_647,commercial,1
22.665515648962803,88.46098711443183,Location_648,industrial,1
22.47431449869691,88.31331926644711,Location_649,commercial,1
22.574444226956334,88.34719407704831,Location_650,industrial,0
22.595270482418016,88.33061937936714,Location_651,commercial,0
22.51038926000998,88.33950382136922,Location_652,residential,1
22.49225635153229,88.40566302541147,Location_653,industrial,1
22.664895209104905,88.43433797152217,Location_654,commercial,1
22.464633730558887,88.3940642564672,Location_655,commercial,0
22.567655225979518,88.49193912780585,Location_656,commercial,0
22.47895850032522,88.34805846400603,Location_657,industrial,0
22.56426469033284,88.45262804605096,Location_658,commercial,1
22.694990581585575,88.47403643570144,Location_659,commercial,1
22.555926588363867,88.41241322215095,Location_660,commercial,0
22.66428122937614,88.3912445003923,Location_661,industrial,0
22.479328891045796,88.41923688935584,Location_662,industrial,1
22.517813019190466,88.38576195403206,Location_663,residential,0
22.55094818516683,88.41103877646468,Location_664,industrial,0
22.549953035002332,88.38338679042576,Location_665,industrial,0
22.617845869667537,88.38009394205882,Location_666,industrial,1
22.536179531843874,88.43906929362791,Location_667,residential,0
22.628441717102504,88.31857024261359,Location_668,residential,0
22.609796724806348,88.33330841454575,Location_669,commercial,1
22.549790286313694,88.47023969434301,Location_670,industrial,0
22.557940031913578,88.45421546936304,Location_671,commercial,1
22.60363192495258,88.35629074545888,Location_672,commercial,1
22.46751054753616,88.37545378653316,Location_673,commercial,1
22.655601684588923,88.48520530132569,Location_674,industrial,1
22.61335529027841,88.46361544503478,Location_675,industrial,0
22.63158561610446,88.42286925999592,Location_676,residential,0
22.584230750270596,88.34429803576059,Location_677,residential,0
22.477619277747934,88.30885039426305,Location_678,commercial,1
22.551258903324236,88.38625156936838,Location_679,commercial,0
22.551343395712138,88.4345254278515,Location_680,industrial,1
22.530260747510802,88.46569609810356,Location_681,residential,0
22.457487581226186,88.47053780114845,Location_682,commercial,1
22.63431356064912,88.30655518025867,Location_683,commercial,1
22.477446114515626,88.34883140676737,Location_684,residential,1
22.60157703326127,88.36781891769547,Location_685,industrial,0
22.625804374116804,88.33774644219187,Location_686,commercial,1
22.608696580733422,88.46059507567277,Location_687,industrial,1
22.689785562994494,88.45349315261699,Location_688,commercial,0
22.475824538771285,88.4033666080762,Location_689,industrial,1
22.666791789776298,88.49658529559917,Location_690,commercial,1
22.457297558712227,88.32881170821817,Location_691,commercial,0
22.583729213731772,88.47993034066553,Location_692,commercial,1
22.551060904484814,88.32329265083239,Location_693,industrial,0
22.58104596509844,88.33263634110283,Location_694,residential,1
22.541274969265,88.43924384005012,Location_695,industrial,0
22.497641728735015,88.32191393840833,Location_696,industrial,1
22.454780724362173,88.41316901908374,Location_697,industrial,0
22.57953745344779,88.38404670729453,Location_698,commercial,1
22.66069421567121,88.4456947931082,Location_699,commercial,1
22.5433039889362,88.48013504776178,Location_700,industrial,1
22.505715954503746,88.45397430293382,Location_701,industrial,0
22.47013300086796,88.46993797528424,Location_702,commercial,1
22.471327730779674,88.30658908970625,Location_703,residential,0
22.505349111573192,88.36203909964884,Location_704,commercial,0
22.475003515230387,88.40308661733727,Location_705,commercial,0
22.516259924591118,88.38319066292595,Location_706,industrial,1
22.466537365529238,88.34625099059593,Location_707,industrial,1
22.46640121680248,88.36157481959201,Location_708,commercial,1
22.664069044905695,88.48908619407833,Location_709,industrial,0
22.490530065177207,88.35883617597428,Location_710,commercial,1
22.589920601455862,88.37078082203595,Location_711,residential,0
22.643363886112258,88.30074195475,Location_712,industrial,0
22.564102391334767,88.46901552545557,Location_713,residential,1
22.488342219464837,88.33096814068031,Location_714,commercial,0
22.499899035530028,88.34082885510274,Location_715,residential,0
22.558246051570293,88.3510529034184,Location_716,industrial,0
22.582058522294634,88.47692441136897,Location_717,residential,1
22.537360073012135,88.34129028224926,Location_718,industrial,0
22.645369900058665,88.45950527217359,Location_719,residential,1
22.637755412214098,88.46160986806458,Location_720,industrial,0
22.681802951843277,88.48540411375728,Location_721,commercial,0
22.457238137256738,88.32311226272006,Location_722,residential,1
22.67392282280255,88.34345579446756,Location_723,residential,0
22.54814219711554,88.44857965841615,Location_724,residential,0
22.669593123844997,88.33920015085614,Location_725,industrial,1
22.622696194039133,88.35726590937469,Location_726,residential,1
22.696837189268493,88.33334831602227,Location_727,residential,0
22.639820612929167,88.334539337231,Location_728,industrial,0
22.541136156499196,88.39631067092564,Location_729,industrial,0
22.575265793208686,88.32193661242259,Location_730,residential,0
22.544097288798586,88.36433952369272,Location_731,residential,0
22.541227959005308,88.38531878191978,Location_732,industrial,0
22.515226124845263,88.3049096233048,Location_733,residential,1
22.573992573843366,88.3776666332949,Location_734,residential,0
22.62043498626734,88.3188244872171,Location_735,commercial,1
22.51933506782631,88.39871570622924,Location_736,commercial,1
22.581094952769305,88.46514763771142,Location_737,residential,0
22.47934507354264,88.46368443243635,Location_738,commercial,1
22.489961321713547,88.31608970310748,Location_739,commercial,0
22.461701588678046,88.4202455515349,Location_740,industrial,1
22.692682860692656,88.46691727639424,Location_741,residential,0
22.450965087877563,88.34759450858692,Location_742,residential,0
22.494644992014415,88.45238530228993,Location_743,commercial,1
22.603216688279247,88.47815286929001,Location_744,commercial,1
22.470342399713324,88.46122483028809,Location_745,residential,0
22.670474125774206,88.3214602063031,Location_746,industrial,1
22.62990503946057,88.30181199990447,Location_747,residential,0
22.691597492859472,88.33834482198436,Location_748,industrial,0
22.57690888681019,88.35409546818933,Location_749,residential,1
22.525100920789622,88.4232365981232,Location_750,residential,1
22.587375143198816,88.37685463504846,Location_751,industrial,0
22.68270467932449,88.4406814061323,Location_752,industrial,0
22.580190359310464,88.37061499210432,Location_753,industrial,0
22.516801757965577,88.33088508493091,Location_754,industrial,0
22.66934969729353,88.36253796869721,Location_755,industrial,0
22.542979687128113,88.47686484527783,Location_756,industrial,0
22.45034583749975,88.49170646884902,Location_757,industrial,0
22.51192125562308,88.34150254681347,Location_758,commercial,1
22.529558377294265,88.45769367740489,Location_759,residential,0
22.664694367057976,88.35466974730797,Location_760,industrial,0
22.56462579176661,88.47742630868628,Location_761,commercial,0
22.561146821952825,88.33310912255925,Location_762,residential,0
22.534025566599972,88.43319198373881,Location_763,residential,1
22.67016953076177,88.31684225294264,Location_764,residential,0
22.686256694235098,88.49477866479478,Location_765,commercial,1
22.697972582288656,88.4401266689281,Location_766,commercial,1
22.544185316740247,88.46836314788102,Location_767,residential,1
22.691536861406792,88.41333386787261,Location_768,commercial,1
22.647969892407726,88.39536027278577,Location_769,commercial,1
22.618922286911065,88.42437647827887,Location_770,industrial,1
22.511222369855023,88.40574830233989,Location_771,commercial,1
22.504114315236052,88.39387687102904,Location_772,residential,1
22.49151195613031,88.45189005029152,Location_773,residential,1
22.68068915255634,88.33564019098785,Location_774,commercial,0
22.52351916559579,88.33423440963102,Location_775,commercial,0
22.56327356136222,88.38636853012994,Location_776,residential,1
22.573489458496805,88.36414958320898,Location_777,residential,1
22.644542898862564,88.3148249035826,Location_778,commercial,1
22.661058740388256,88.46889409848374,Location_779,commercial,0
22.48476817528715,88.45432056133887,Location_780,industrial,0
22.556726090052766,88.4087842999606,Location_781,residential,1
22.660713721958864,88.49586490745287,Location_782,commercial,1
22.654508326438958,88.31452001330952,Location_783,commercial,0
22.475603439613103,88.45333386020557,Location_784,commercial,1
22.48909583721699,88.35327407832182,Location_785,residential,0
22.526049672899852,88.37371978398872,Location_786,industrial,0
22.468839767270833,88.34385587704061,Location_787,commercial,1
22.556165750710147,88.45780757829237,Location_788,industrial,0
22.476904426287394,88.32884802040431,Location_789,residential,0
22.59205439841746,88.46800333954705,Location_790,industrial,0
22.51163923495279,88.43231552964596,Location_791,industrial,0
22.599108266337407,88.31180464905383,Location_792,industrial,1
22.47938141072591,88.46219634632003,Location_793,residential,0
22.693970967104633,88.4255511432326,Location_794,residential,1
22.683140300964336,88.48099646391567,Location_795,commercial,0
22.547949234641166,88.44974446128172,Location_796,commercial,1
22.51054464853152,88.41222418548595,Location_797,commercial,0
22.51259955321339,88.46730943612384,Location_798,industrial,0
22.570848383800598,88.35561004766024,Location_799,industrial,0
22.45999820047518,88.40939001236892,Location_800,industrial,1
22.60992627651878,88.35872336396068,Location_801,residential,1
22.552075727084937,88.4936408782181,Location_802,commercial,0
22.54435164314722,88.3452392601684,Location_803,residential,1
22.6523412428723,88.3031476479341,Location_804,industrial,0
22.62725886504582,88.36517096840076,Location_805,commercial,0
22.68858345384817,88.40050187939396,Location_806,residential,0
22.53798406012392,88.30567258684601,Location_807,commercial,0
22.67438569116235,88.41184966000678,Location_808,commercial,1
22.64249179656252,88.47485655499024,Location_809,commercial,0
22.539356162898677,88.44094643888333,Location_810,industrial,1
22.605416359113313,88.42459366459566,Location_811,industrial,0
22.52214248941292,88.49119235014165,Location_812,commercial,0
22.66859997926871,88.49165586676843,Location_813,industrial,1
22.478106829303076,88.46485329394065,Location_814,residential,1
22.50310859032351,88.42154836947716,Location_815,residential,1
22.49575832301998,88.39755291189954,Location_816,residential,0
22.55075650060107,88.30266322264929,Location_817,industrial,0
22.63630824000803,88.42125238124531,Location_818,commercial,0
22.581726862263043,88.49781761507137,Location_819,residential,1
22.571919080884552,88.4636202100048,Location_820,residential,0
22.45013649122425,88.36812092877688,Location_821,industrial,1
22.556350431338764,88.33040940500888,Location_822,industrial,0
22.465888443709037,88.45681172289343,Location_823,industrial,1
22.50206331303037,88.44878756412635,Location_824,commercial,0
22.68309848474012,88.49340935839587,Location_825,commercial,0
22.50384955108581,88.47496847238787,Location_826,industrial,1
22.664584409658566,88.41113252505448,Location_827,residential,0
22.650723342890334,88.32025684939295,Location_828,industrial,0
22.48978655923556,88.3967001316768,Location_829,residential,1
22.601427989317568,88.36273901080446,Location_830,industrial,0
22.478915467976254,88.40248169640496,Location_831,commercial,1
22.631972039592377,88.36034031492792,Location_832,residential,1
22.60936556934305,88.47236459839512,Location_833,commercial,0
22.652984640422755,88.46886540279657,Location_834,residential,0
22.569846137347298,88.36309303143341,Location_835,residential,1
22.678715771958345,88.4199162692748,Location_836,industrial,1
22.46233723669711,88.3860361715278,Location_837,residential,0
22.523222141256753,88.48181855140571,Location_838,industrial,0
22.62876314936629,88.33747218028526,Location_839,commercial,0
22.554527302937,88.43954568035699,Location_840,industrial,1
22.49323783856779,88.49407506556744,Location_841,commercial,1
22.476802686357136,88.33505510391261,Location_842,commercial,1
22.654334777865405,88.34039328568484,Location_843,industrial,0
22.56828574461641,88.43874466773444,Location_844,residential,1
22.670570917979777,88.45583078490498,Location_845,commercial,0
22.63332228357918,88.39810981095879,Location_846,residential,0
22.552431551407686,88.42193729302943,Location_847,commercial,0
22.54337775353892,88.34253648176237,Location_848,commercial,0
22.578909586662814,88.39532284571347,Location_849,commercial,1
22.67226498829743,88.32241437617498,Location_850,industrial,0
22.634319644928542,88.36428438505513,Location_851,industrial,1
22.451288241067257,88.35695594100619,Location_852,commercial,1
22.62353946284228,88.38892507202048,Location_853,industrial,0
22.679876851726455,88.48602527244874,Location_854,industrial,1
22.627613939876124,88.33625353242957,Location_855,commercial,1
22.494251445391875,88.38027764932494,Location_856,commercial,0
22.570879531856864,88.42311944382193,Location_857,industrial,1
22.485079004480856,88.4893114172148,Location_858,industrial,0
22.539748819584908,88.32662963830715,Location_859,commercial,0
22.68427926048513,88.48357532339863,Location_860,industrial,0
22.680826326889676,88.31621075772681,Location_861,commercial,1
22.52070921304402,88.39614827943205,Location_862,residential,0
22.53490776104155,88.3909179734461,Location_863,commercial,1
22.600053217032823,88.34192054577544,Location_864,commercial,1
22.690799323815096,88.36949193362317,Location_865,commercial,1
22.486950333516347,88.39083305366968,Location_866,residential,1
22.514229160921666,88.47304229258212,Location_867,commercial,0
22.66838920682269,88.4910128290747,Location_868,commercial,0
22.572973057927086,88.40378513572743,Location_869,commercial,1
22.674740273056756,88.47401995805889,Location_870,residential,1
22.49637947438079,88.42163431713536,Location_871,residential,0
22.58316714686784,88.36981746839753,Location_872,industrial,1
22.531567408162342,88.33883884152269,Location_873,residential,0
22.52913563997312,88.38262695435655,Location_874,commercial,0
22.561719240986548,88.40456485658477,Location_875,commercial,1
22.558269362275315,88.30888867765191,Location_876,industrial,1
22.539336719919486,88.32916823317417,Location_877,industrial,0
22.678742692578904,88.42003688479629,Location_878,commercial,0
22.63293604635822,88.34500031893543,Location_879,industrial,1
22.631886747832883,88.46746527521626,Location_880,residential,0
22.522478362397987,88.36538844995484,Location_881,commercial,1
22.59442735607921,88.32096684145064,Location_882,commercial,0
22.644794858325458,88.31670611771106,Location_883,residential,0
22.648897592135803,88.48742460410635,Location_884,commercial,1
22.536132615188578,88.32360406224838,Location_885,commercial,0
22.642718189142162,88.32818195283241,Location_886,residential,1
22.633973474201934,88.47253321158655,Location_887,industrial,0
22.485376621405475,88.35085762605547,Location_888,commercial,1
22.66648636714162,88.43319028215089,Location_889,residential,1
22.560330367545102,88.46334513740598,Location_890,residential,1
22.571602612222165,88.42143612802603,Location_891,industrial,1
22.562092294724497,88.49149770868956,Location_892,industrial,0
22.591961500369376,88.44177657985217,Location_893,commercial,0
22.60529231184176,88.32255030198073,Location_894,residential,0
22.574544891440734,88.41168200530917,Location_895,commercial,0
22.666697135814772,88.44363730521783,Location_896,residential,0
22.60693368904882,88.46039144807469,Location_897,residential,0
22.550356987326378,88.30526426705681,Location_898,commercial,0
22.554172939227175,88.44377578305428,Location_899,commercial,0
22.65270965378224,88.46513616420388,Location_900,residential,0
22.53704798568663,88.44936676218707,Location_901,residential,0
22.502863698945603,88.40246982913112,Location_902,commercial,0
22.46484579700145,88.39160419261776,Location_903,industrial,0
22.669006711980142,88.40988371665996,Location_904,residential,0
22.679636612797587,88.44092873976533,Location_905,industrial,0
22.480030045540868,88.4845828581265,Location_906,commercial,0
22.533618435374027,88.42340704212822,Location_907,industrial,1
22.49384301737881,88.47756686125669,Location_908,industrial,0
22.478974617206468,88.44025136948915,Location_909,residential,0
22.674966685750007,88.31366727548777,Location_910,residential,1
22.464219314786337,88.40016563800032,Location_911,industrial,0
22.695121415867252,88.35729726966305,Location_912,residential,0
22.474112715174346,88.35703498562651,Location_913,industrial,0
22.665867662298396,88.3711855102432,Location_914,industrial,1
22.59162652674729,88.3629465544001,Location_915,commercial,0
22.54197937195447,88.41572199602342,Location_916,industrial,0
22.535585594156288,88.4367203000707,Location_917,commercial,0
22.639341035809426,88.35374987741534,Location_918,residential,1
22.528643323751073,88.32595252451367,Location_919,industrial,1
22.614329729154285,88.3117617441869,Location_920,commercial,0
22.57933152087902,88.41515056900612,Location_921,commercial,0
22.571241411289517,88.3372260332666,Location_922,commercial,0
22.67529054266229,88.30184959884474,Location_923,industrial,1
22.588661264655066,88.48555061586474,Location_924,residential,0
22.656715400762174,88.40742808381664,Location_925,industrial,1
22.63139338352537,88.31848963604939,Location_926,residential,1
22.45963931151475,88.46858422242549,Location_927,commercial,0
22.643277513126353,88.49664054765802,Location_928,industrial,0
22.504217562522758,88.38972013240354,Location_929,commercial,1
22.675787411712893,88.30849792164763,Location_930,residential,0
22.460731047652207,88.3235091881512,Location_931,commercial,0
22.533268008618577,88.37633074932909,Location_932,commercial,0
22.47493323680869,88.47710452748977,Location_933,residential,0
22.56889727927121,88.32960773585555,Location_934,residential,0
22.655005608967436,88.46479801880054,Location_935,commercial,1
22.524546839915764,88.3029952520438,Location_936,residential,1
22.48773372432776,88.39147773975716,Location_937,industrial,1
22.532566758924226,88.42887942819011,Location_938,industrial,1
22.653470035480158,88.31207589640512,Location_939,residential,0
22.485095989449835,88.4229525501233,Location_940,industrial,1
22.506840612269375,88.48888082429391,Location_941,commercial,0
22.467212991123343,88.33205198402732,Location_942,residential,0
22.626427510997402,88.44592227660706,Location_943,industrial,1
22.548808310884084,88.4218187795887,Location_944,residential,1
22.52770999428583,88.33702327777584,Location_945,industrial,1
22.62965659758529,88.30124068294187,Location_946,residential,1
22.533994385585064,88.30185689010118,Location_947,commercial,1
22.631942818303603,88.40641848183441,Location_948,commercial,0
22.653799848828577,88.48855588191223,Location_949,residential,1
22.504415710864436,88.42885972549313,Location_950,industrial,0
22.693454674211495,88.44285996925875,Location_951,industrial,0
22.490589486978166,88.39877309738411,Location_952,residential,0
22.522710226664184,88.41637778852692,Location_953,industrial,1
22.494948822708384,88.32527350506612,Location_954,industrial,0
22.536376414089084,88.47536412408013,Location_955,residential,0
22.570015221955188,88.45215852573335,Location_956,industrial,1
22.58054396725053,88.49963979056892,Location_957,commercial,0
22.66340151057407,88.35954458951112,Location_958,industrial,1
22.672361977203966,88.34540355435921,Location_959,residential,0
22.505025965195227,88.32503233159227,Location_960,residential,1
22.605723508046438,88.49284195132321,Location_961,residential,1
22.477874014324676,88.45617703692561,Location_962,commercial,1
22.564742465045516,88.33326492274392,Location_963,industrial,0
22.530583384511655,88.41053729422164,Location_964,residential,0
22.5291251863634,88.38275364161345,Location_965,residential,1
22.570646060428025,88.33029720156124,Location_966,residential,1
22.632456908882315,88.332414597006,Location_967,industrial,0
22.467295664698096,88.49269399894904,Location_968,industrial,1
22.66979333442185,88.36099283659155,Location_969,industrial,1
22.63370344365764,88.48828785833679,Location_970,industrial,0
22.494124847222263,88.31512213461302,Location_971,industrial,0
22.684790227271844,88.39216060845864,Location_972,industrial,0
22.576578056005847,88.32592380970335,Location_973,residential,0
22.69995214452924,88.30095747704823,Location_974,commercial,0
22.499314868575183,88.41075321474122,Location_975,residential,1
22.5837270495958,88.32277882096227,Location_976,commercial,1
22.52256201063998,88.44440490618673,Location_977,residential,1
22.52604338934731,88.43962327514137,Location_978,residential,1
22.5977663452085,88.3352665814929,Location_979,commercial,1
22.680429766717708,88.4883484286531,Location_980,residential,1
22.651315963894792,88.44420868168649,Location_981,commercial,1
22.63098534962533,88.35959405283138,Location_982,commercial,1
22.589793445525427,88.44184675279016,Location_983,commercial,1
22.68057462591686,88.44638605553631,Location_984,residential,0
22.57309035167272,88.36844526625019,Location_985,industrial,1
22.66845804458368,88.37511771249228,Location_986,residential,1
22.658495410969156,88.37182130153066,Location_987,residential,0
22.503458836700396,88.42332368871041,Location_988,commercial,1
22.642806365741478,88.48008202930804,Location_989,commercial,1
22.453042789235813,88.33463864724571,Location_990,industrial,0
22.53070738438702,88.47503992196727,Location_991,commercial,0
22.507391861172987,88.30553063130107,Location_992,industrial,0
22.57671573962183,88.43206771919564,Location_993,residential,0
22.634213290420195,88.38288777463794,Location_994,commercial,0
22.47441909186193,88.4582563104465,Location_995,residential,0
22.57873055048419,88.44423962258618,Location_996,industrial,1
22.684603005423597,88.39602156142904,Location_997,industrial,1
22.507161637745735,88.42877280734452,Location_998,industrial,1
22.619285286027857,88.40035462613999,Location_999,residential,1
